Design,Score,Better_Than_WT
runs/20260102_overnight_fastdesign/designs/candidate_9/design_1/candidate_9_relaxed_rank_001_alphafold2_ptm_model_3_seed_000_0001_0001.pdb,-867.566,0
runs/20260102_overnight_fastdesign/designs/candidate_9/design_2/candidate_9_relaxed_rank_001_alphafold2_ptm_model_3_seed_000_0001_0001.pdb,-868.389,0
runs/20260102_overnight_fastdesign/designs/candidate_9/design_3/candidate_9_relaxed_rank_001_alphafold2_ptm_model_3_seed_000_0001_0001.pdb,-868.062,0
runs/20260102_overnight_fastdesign/designs/candidate_9/design_4/candidate_9_relaxed_rank_001_alphafold2_ptm_model_3_seed_000_0001_0001.pdb,-868.379,0
runs/20260102_overnight_fastdesign/designs/candidate_9/design_5/candidate_9_relaxed_rank_001_alphafold2_ptm_model_3_seed_000_0001_0001.pdb,-868.323,0
runs/20260102_overnight_fastdesign/designs/candidate_9/design_6/candidate_9_relaxed_rank_001_alphafold2_ptm_model_3_seed_000_0001_0001.pdb,-868.051,0
runs/20260102_overnight_fastdesign/designs/candidate_9/design_7/candidate_9_relaxed_rank_001_alphafold2_ptm_model_3_seed_000_0001_0001.pdb,-868.683,0
runs/20260102_overnight_fastdesign/designs/candidate_9/design_8/candidate_9_relaxed_rank_001_alphafold2_ptm_model_3_seed_000_0001_0001.pdb,-868.081,0
runs/20260102_overnight_fastdesign/designs/candidate_9/design_9/candidate_9_relaxed_rank_001_alphafold2_ptm_model_3_seed_000_0001_0001.pdb,-868.573,0
runs/20260102_overnight_fastdesign/designs/candidate_9/design_10/candidate_9_relaxed_rank_001_alphafold2_ptm_model_3_seed_000_0001_0001.pdb,-868.428,0
runs/20260102_overnight_fastdesign/designs/candidate_9/design_11/candidate_9_relaxed_rank_001_alphafold2_ptm_model_3_seed_000_0001_0001.pdb,-868.602,0
runs/20260102_overnight_fastdesign/designs/candidate_9/design_12/candidate_9_relaxed_rank_001_alphafold2_ptm_model_3_seed_000_0001_0001.pdb,-868.230,0
runs/20260102_overnight_fastdesign/designs/candidate_9/design_13/candidate_9_relaxed_rank_001_alphafold2_ptm_model_3_seed_000_0001_0001.pdb,-868.909,0
runs/20260102_overnight_fastdesign/designs/candidate_9/design_14/candidate_9_relaxed_rank_001_alphafold2_ptm_model_3_seed_000_0001_0001.pdb,-868.622,0
runs/20260102_overnight_fastdesign/designs/candidate_9/design_15/candidate_9_relaxed_rank_001_alphafold2_ptm_model_3_seed_000_0001_0001.pdb,-868.384,0
runs/20260102_overnight_fastdesign/designs/candidate_9/design_16/candidate_9_relaxed_rank_001_alphafold2_ptm_model_3_seed_000_0001_0001.pdb,-868.563,0
runs/20260102_overnight_fastdesign/designs/candidate_9/design_17/candidate_9_relaxed_rank_001_alphafold2_ptm_model_3_seed_000_0001_0001.pdb,-868.377,0
runs/20260102_overnight_fastdesign/designs/candidate_9/design_18/candidate_9_relaxed_rank_001_alphafold2_ptm_model_3_seed_000_0001_0001.pdb,-868.445,0
runs/20260102_overnight_fastdesign/designs/candidate_9/design_19/candidate_9_relaxed_rank_001_alphafold2_ptm_model_3_seed_000_0001_0001.pdb,-868.384,0
runs/20260102_overnight_fastdesign/designs/candidate_9/design_20/candidate_9_relaxed_rank_001_alphafold2_ptm_model_3_seed_000_0001_0001.pdb,-868.010,0
runs/20260102_overnight_fastdesign/designs/candidate_9/design_21/candidate_9_relaxed_rank_001_alphafold2_ptm_model_3_seed_000_0001_0001.pdb,-868.051,0
runs/20260102_overnight_fastdesign/designs/candidate_9/design_22/candidate_9_relaxed_rank_001_alphafold2_ptm_model_3_seed_000_0001_0001.pdb,-868.300,0
runs/20260102_overnight_fastdesign/designs/candidate_9/design_23/candidate_9_relaxed_rank_001_alphafold2_ptm_model_3_seed_000_0001_0001.pdb,-868.623,0
runs/20260102_overnight_fastdesign/designs/candidate_9/design_24/candidate_9_relaxed_rank_001_alphafold2_ptm_model_3_seed_000_0001_0001.pdb,-868.291,0
runs/20260102_overnight_fastdesign/designs/candidate_9/design_25/candidate_9_relaxed_rank_001_alphafold2_ptm_model_3_seed_000_0001_0001.pdb,-868.411,0
runs/20260102_overnight_fastdesign/designs/candidate_9/design_26/candidate_9_relaxed_rank_001_alphafold2_ptm_model_3_seed_000_0001_0001.pdb,-868.986,0
runs/20260102_overnight_fastdesign/designs/candidate_9/design_27/candidate_9_relaxed_rank_001_alphafold2_ptm_model_3_seed_000_0001_0001.pdb,-868.062,0
runs/20260102_overnight_fastdesign/designs/candidate_9/design_28/candidate_9_relaxed_rank_001_alphafold2_ptm_model_3_seed_000_0001_0001.pdb,-868.340,0
runs/20260102_overnight_fastdesign/designs/candidate_9/design_29/candidate_9_relaxed_rank_001_alphafold2_ptm_model_3_seed_000_0001_0001.pdb,-868.079,0
runs/20260102_overnight_fastdesign/designs/candidate_9/design_30/candidate_9_relaxed_rank_001_alphafold2_ptm_model_3_seed_000_0001_0001.pdb,-867.950,0
runs/20260102_overnight_fastdesign/designs/candidate_9/design_31/candidate_9_relaxed_rank_001_alphafold2_ptm_model_3_seed_000_0001_0001.pdb,-868.787,0
runs/20260102_overnight_fastdesign/designs/candidate_9/design_32/candidate_9_relaxed_rank_001_alphafold2_ptm_model_3_seed_000_0001_0001.pdb,-868.273,0
runs/20260102_overnight_fastdesign/designs/candidate_9/design_33/candidate_9_relaxed_rank_001_alphafold2_ptm_model_3_seed_000_0001_0001.pdb,-868.384,0
runs/20260102_overnight_fastdesign/designs/candidate_9/design_34/candidate_9_relaxed_rank_001_alphafold2_ptm_model_3_seed_000_0001_0001.pdb,-869.056,0
runs/20260102_overnight_fastdesign/designs/candidate_9/design_35/candidate_9_relaxed_rank_001_alphafold2_ptm_model_3_seed_000_0001_0001.pdb,-868.305,0
runs/20260102_overnight_fastdesign/designs/candidate_9/design_36/candidate_9_relaxed_rank_001_alphafold2_ptm_model_3_seed_000_0001_0001.pdb,-868.062,0
runs/20260102_overnight_fastdesign/designs/candidate_9/design_37/candidate_9_relaxed_rank_001_alphafold2_ptm_model_3_seed_000_0001_0001.pdb,-868.661,0
runs/20260102_overnight_fastdesign/designs/candidate_9/design_38/candidate_9_relaxed_rank_001_alphafold2_ptm_model_3_seed_000_0001_0001.pdb,-868.051,0
runs/20260102_overnight_fastdesign/designs/candidate_9/design_39/candidate_9_relaxed_rank_001_alphafold2_ptm_model_3_seed_000_0001_0001.pdb,-869.242,0
runs/20260102_overnight_fastdesign/designs/candidate_9/design_40/candidate_9_relaxed_rank_001_alphafold2_ptm_model_3_seed_000_0001_0001.pdb,-868.288,0
runs/20260102_overnight_fastdesign/designs/candidate_9/design_41/candidate_9_relaxed_rank_001_alphafold2_ptm_model_3_seed_000_0001_0001.pdb,-869.052,0
runs/20260102_overnight_fastdesign/designs/candidate_9/design_42/candidate_9_relaxed_rank_001_alphafold2_ptm_model_3_seed_000_0001_0001.pdb,-868.582,0
runs/20260102_overnight_fastdesign/designs/candidate_9/design_43/candidate_9_relaxed_rank_001_alphafold2_ptm_model_3_seed_000_0001_0001.pdb,-868.407,0
runs/20260102_overnight_fastdesign/designs/candidate_9/design_44/candidate_9_relaxed_rank_001_alphafold2_ptm_model_3_seed_000_0001_0001.pdb,-868.308,0
runs/20260102_overnight_fastdesign/designs/candidate_9/design_45/candidate_9_relaxed_rank_001_alphafold2_ptm_model_3_seed_000_0001_0001.pdb,-868.082,0
runs/20260102_overnight_fastdesign/designs/candidate_9/design_46/candidate_9_relaxed_rank_001_alphafold2_ptm_model_3_seed_000_0001_0001.pdb,-868.051,0
runs/20260102_overnight_fastdesign/designs/candidate_9/design_47/candidate_9_relaxed_rank_001_alphafold2_ptm_model_3_seed_000_0001_0001.pdb,-868.069,0
runs/20260102_overnight_fastdesign/designs/candidate_9/design_48/candidate_9_relaxed_rank_001_alphafold2_ptm_model_3_seed_000_0001_0001.pdb,-868.171,0
runs/20260102_overnight_fastdesign/designs/candidate_9/design_49/candidate_9_relaxed_rank_001_alphafold2_ptm_model_3_seed_000_0001_0001.pdb,-868.390,0
runs/20260102_overnight_fastdesign/designs/candidate_9/design_50/candidate_9_relaxed_rank_001_alphafold2_ptm_model_3_seed_000_0001_0001.pdb,-868.645,0
runs/20260102_overnight_fastdesign/designs/candidate_9/design_51/candidate_9_relaxed_rank_001_alphafold2_ptm_model_3_seed_000_0001_0001.pdb,-868.332,0
runs/20260102_overnight_fastdesign/designs/candidate_9/design_52/candidate_9_relaxed_rank_001_alphafold2_ptm_model_3_seed_000_0001_0001.pdb,-868.384,0
runs/20260102_overnight_fastdesign/designs/candidate_9/design_53/candidate_9_relaxed_rank_001_alphafold2_ptm_model_3_seed_000_0001_0001.pdb,-868.059,0
runs/20260102_overnight_fastdesign/designs/candidate_9/design_54/candidate_9_relaxed_rank_001_alphafold2_ptm_model_3_seed_000_0001_0001.pdb,-868.340,0
runs/20260102_overnight_fastdesign/designs/candidate_9/design_55/candidate_9_relaxed_rank_001_alphafold2_ptm_model_3_seed_000_0001_0001.pdb,-868.612,0
runs/20260102_overnight_fastdesign/designs/candidate_9/design_56/candidate_9_relaxed_rank_001_alphafold2_ptm_model_3_seed_000_0001_0001.pdb,-868.433,0
runs/20260102_overnight_fastdesign/designs/candidate_9/design_57/candidate_9_relaxed_rank_001_alphafold2_ptm_model_3_seed_000_0001_0001.pdb,-868.369,0
runs/20260102_overnight_fastdesign/designs/candidate_9/design_58/candidate_9_relaxed_rank_001_alphafold2_ptm_model_3_seed_000_0001_0001.pdb,-868.372,0
runs/20260102_overnight_fastdesign/designs/candidate_9/design_59/candidate_9_relaxed_rank_001_alphafold2_ptm_model_3_seed_000_0001_0001.pdb,-868.362,0
runs/20260102_overnight_fastdesign/designs/candidate_9/design_60/candidate_9_relaxed_rank_001_alphafold2_ptm_model_3_seed_000_0001_0001.pdb,-868.361,0
runs/20260102_overnight_fastdesign/designs/candidate_9/design_61/candidate_9_relaxed_rank_001_alphafold2_ptm_model_3_seed_000_0001_0001.pdb,-868.384,0
runs/20260102_overnight_fastdesign/designs/candidate_9/design_62/candidate_9_relaxed_rank_001_alphafold2_ptm_model_3_seed_000_0001_0001.pdb,-868.063,0
runs/20260102_overnight_fastdesign/designs/candidate_9/design_63/candidate_9_relaxed_rank_001_alphafold2_ptm_model_3_seed_000_0001_0001.pdb,-868.069,0
runs/20260102_overnight_fastdesign/designs/candidate_9/design_64/candidate_9_relaxed_rank_001_alphafold2_ptm_model_3_seed_000_0001_0001.pdb,-868.068,0
runs/20260102_overnight_fastdesign/designs/candidate_9/design_65/candidate_9_relaxed_rank_001_alphafold2_ptm_model_3_seed_000_0001_0001.pdb,-868.062,0
runs/20260102_overnight_fastdesign/designs/candidate_9/design_66/candidate_9_relaxed_rank_001_alphafold2_ptm_model_3_seed_000_0001_0001.pdb,-868.103,0
runs/20260102_overnight_fastdesign/designs/candidate_9/design_67/candidate_9_relaxed_rank_001_alphafold2_ptm_model_3_seed_000_0001_0001.pdb,-867.963,0
runs/20260102_overnight_fastdesign/designs/candidate_9/design_68/candidate_9_relaxed_rank_001_alphafold2_ptm_model_3_seed_000_0001_0001.pdb,-868.699,0
runs/20260102_overnight_fastdesign/designs/candidate_9/design_69/candidate_9_relaxed_rank_001_alphafold2_ptm_model_3_seed_000_0001_0001.pdb,-868.265,0
runs/20260102_overnight_fastdesign/designs/candidate_9/design_70/candidate_9_relaxed_rank_001_alphafold2_ptm_model_3_seed_000_0001_0001.pdb,-868.332,0
runs/20260102_overnight_fastdesign/designs/candidate_9/design_71/candidate_9_relaxed_rank_001_alphafold2_ptm_model_3_seed_000_0001_0001.pdb,-868.062,0
runs/20260102_overnight_fastdesign/designs/candidate_9/design_72/candidate_9_relaxed_rank_001_alphafold2_ptm_model_3_seed_000_0001_0001.pdb,-868.495,0
runs/20260102_overnight_fastdesign/designs/candidate_9/design_73/candidate_9_relaxed_rank_001_alphafold2_ptm_model_3_seed_000_0001_0001.pdb,-868.303,0
runs/20260102_overnight_fastdesign/designs/candidate_9/design_74/candidate_9_relaxed_rank_001_alphafold2_ptm_model_3_seed_000_0001_0001.pdb,-868.617,0
runs/20260102_overnight_fastdesign/designs/candidate_9/design_75/candidate_9_relaxed_rank_001_alphafold2_ptm_model_3_seed_000_0001_0001.pdb,-868.379,0
runs/20260102_overnight_fastdesign/designs/candidate_9/design_76/candidate_9_relaxed_rank_001_alphafold2_ptm_model_3_seed_000_0001_0001.pdb,-868.384,0
runs/20260102_overnight_fastdesign/designs/candidate_9/design_77/candidate_9_relaxed_rank_001_alphafold2_ptm_model_3_seed_000_0001_0001.pdb,-868.305,0
runs/20260102_overnight_fastdesign/designs/candidate_9/design_78/candidate_9_relaxed_rank_001_alphafold2_ptm_model_3_seed_000_0001_0001.pdb,-868.093,0
runs/20260102_overnight_fastdesign/designs/candidate_9/design_79/candidate_9_relaxed_rank_001_alphafold2_ptm_model_3_seed_000_0001_0001.pdb,-868.066,0
runs/20260102_overnight_fastdesign/designs/candidate_9/design_80/candidate_9_relaxed_rank_001_alphafold2_ptm_model_3_seed_000_0001_0001.pdb,-867.844,0
runs/20260102_overnight_fastdesign/designs/candidate_9/design_81/candidate_9_relaxed_rank_001_alphafold2_ptm_model_3_seed_000_0001_0001.pdb,-868.349,0
runs/20260102_overnight_fastdesign/designs/candidate_9/design_82/candidate_9_relaxed_rank_001_alphafold2_ptm_model_3_seed_000_0001_0001.pdb,-868.333,0
runs/20260102_overnight_fastdesign/designs/candidate_9/design_83/candidate_9_relaxed_rank_001_alphafold2_ptm_model_3_seed_000_0001_0001.pdb,-868.288,0
runs/20260102_overnight_fastdesign/designs/candidate_9/design_84/candidate_9_relaxed_rank_001_alphafold2_ptm_model_3_seed_000_0001_0001.pdb,-868.520,0
runs/20260102_overnight_fastdesign/designs/candidate_9/design_85/candidate_9_relaxed_rank_001_alphafold2_ptm_model_3_seed_000_0001_0001.pdb,-868.409,0
runs/20260102_overnight_fastdesign/designs/candidate_9/design_86/candidate_9_relaxed_rank_001_alphafold2_ptm_model_3_seed_000_0001_0001.pdb,-868.566,0
runs/20260102_overnight_fastdesign/designs/candidate_9/design_87/candidate_9_relaxed_rank_001_alphafold2_ptm_model_3_seed_000_0001_0001.pdb,-868.608,0
runs/20260102_overnight_fastdesign/designs/candidate_9/design_88/candidate_9_relaxed_rank_001_alphafold2_ptm_model_3_seed_000_0001_0001.pdb,-868.069,0
runs/20260102_overnight_fastdesign/designs/candidate_9/design_89/candidate_9_relaxed_rank_001_alphafold2_ptm_model_3_seed_000_0001_0001.pdb,-868.988,0
runs/20260102_overnight_fastdesign/designs/candidate_9/design_90/candidate_9_relaxed_rank_001_alphafold2_ptm_model_3_seed_000_0001_0001.pdb,-868.569,0
runs/20260102_overnight_fastdesign/designs/candidate_9/design_91/candidate_9_relaxed_rank_001_alphafold2_ptm_model_3_seed_000_0001_0001.pdb,-868.018,0
runs/20260102_overnight_fastdesign/designs/candidate_9/design_92/candidate_9_relaxed_rank_001_alphafold2_ptm_model_3_seed_000_0001_0001.pdb,-868.258,0
runs/20260102_overnight_fastdesign/designs/candidate_9/design_93/candidate_9_relaxed_rank_001_alphafold2_ptm_model_3_seed_000_0001_0001.pdb,-869.018,0
