Candidate,PDB_File,Total_Score
candidate_21,candidate_21_relaxed_rank_001_alphafold2_ptm_model_3_seed_000_0001.pdb,-824.709
candidate_25,candidate_25_relaxed_rank_001_alphafold2_ptm_model_3_seed_000_0001.pdb,-838.038
candidate_28,candidate_28_relaxed_rank_001_alphafold2_ptm_model_1_seed_000_0001.pdb,-839.957
candidate_4,candidate_4_relaxed_rank_001_alphafold2_ptm_model_3_seed_000_0001.pdb,-848.714
candidate_56,candidate_56_relaxed_rank_001_alphafold2_ptm_model_3_seed_000_0001.pdb,-833.971
candidate_6,candidate_6_relaxed_rank_001_alphafold2_ptm_model_1_seed_000_0001.pdb,-846.138
candidate_60,candidate_60_relaxed_rank_001_alphafold2_ptm_model_3_seed_000_0001.pdb,-841.366
candidate_66,candidate_66_relaxed_rank_001_alphafold2_ptm_model_3_seed_000_0001.pdb,-768.266
candidate_8,candidate_8_relaxed_rank_001_alphafold2_ptm_model_3_seed_000_0001.pdb,-849.510
candidate_9,candidate_9_relaxed_rank_001_alphafold2_ptm_model_3_seed_000_0001.pdb,-867.984
